{"dbt_feature_flags/patch.py": {"total": {"h1": 4, "h2": 15, "N1": 9, "N2": 17, "vocabulary": 19, "length": 26, "calculated_length": 66.60335893412778, "volume": 110.44611534953322, "difficulty": 2.2666666666666666, "effort": 250.3445281256086, "time": 13.90802934031159, "bugs": 0.03681537178317774}, "functions": {"_is_truthy": {"h1": 1, "h2": 2, "N1": 1, "N2": 2, "vocabulary": 3, "length": 3, "calculated_length": 2.0, "volume": 4.754887502163469, "difficulty": 0.5, "effort": 2.3774437510817346, "time": 0.1320802083934297, "bugs": 0.0015849625007211565}, "_get_client": {"h1": 2, "h2": 5, "N1": 4, "N2": 7, "vocabulary": 7, "length": 11, "calculated_length": 13.60964047443681, "volume": 30.880904142633646, "difficulty": 1.4, "effort": 43.2332657996871, "time": 2.401848099982617, "bugs": 0.010293634714211216}, "get_rendered": {"h1": 2, "h2": 6, "N1": 3, "N2": 6, "vocabulary": 8, "length": 9, "calculated_length": 17.509775004326936, "volume": 27.0, "difficulty": 1.0, "effort": 27.0, "time": 1.5, "bugs": 0.009}, "patch_dbt_environment": {"h1": 0, "h2": 0, "N1": 0, "N2": 0, "vocabulary": 0, "length": 0, "calculated_length": 0, "volume": 0, "difficulty": 0, "effort": 0, "time": 0.0, "bugs": 0.0}}}, "dbt_feature_flags/launchdarkly.py": {"total": {"h1": 3, "h2": 7, "N1": 4, "N2": 7, "vocabulary": 10, "length": 11, "calculated_length": 24.406371956566698, "volume": 36.541209043760986, "difficulty": 1.5, "effort": 54.81181356564148, "time": 3.0451007536467487, "bugs": 0.012180403014586996}, "functions": {"__init__": {"h1": 3, "h2": 5, "N1": 3, "N2": 5, "vocabulary": 8, "length": 8, "calculated_length": 16.36452797660028, "volume": 24.0, "difficulty": 1.5, "effort": 36.0, "time": 2.0, "bugs": 0.008}, "bool_variation": {"h1": 0, "h2": 0, "N1": 0, "N2": 0, "vocabulary": 0, "length": 0, "calculated_length": 0, "volume": 0, "difficulty": 0, "effort": 0, "time": 0.0, "bugs": 0.0}, "string_variation": {"h1": 0, "h2": 0, "N1": 0, "N2": 0, "vocabulary": 0, "length": 0, "calculated_length": 0, "volume": 0, "difficulty": 0, "effort": 0, "time": 0.0, "bugs": 0.0}, "number_variation": {"h1": 0, "h2": 0, "N1": 0, "N2": 0, "vocabulary": 0, "length": 0, "calculated_length": 0, "volume": 0, "difficulty": 0, "effort": 0, "time": 0.0, "bugs": 0.0}, "json_variation": {"h1": 1, "h2": 2, "N1": 1, "N2": 2, "vocabulary": 3, "length": 3, "calculated_length": 2.0, "volume": 4.754887502163469, "difficulty": 0.5, "effort": 2.3774437510817346, "time": 0.1320802083934297, "bugs": 0.0015849625007211565}}}, "dbt_feature_flags/harness.py": {"total": {"h1": 3, "h2": 7, "N1": 6, "N2": 12, "vocabulary": 10, "length": 18, "calculated_length": 24.406371956566698, "volume": 59.794705707972525, "difficulty": 2.5714285714285716, "effort": 153.75781467764364, "time": 8.542100815424646, "bugs": 0.019931568569324175}, "functions": {"__init__": {"h1": 3, "h2": 5, "N1": 5, "N2": 10, "vocabulary": 8, "length": 15, "calculated_length": 16.36452797660028, "volume": 45.0, "difficulty": 3.0, "effort": 135.0, "time": 7.5, "bugs": 0.015}, "bool_variation": {"h1": 0, "h2": 0, "N1": 0, "N2": 0, "vocabulary": 0, "length": 0, "calculated_length": 0, "volume": 0, "difficulty": 0, "effort": 0, "time": 0.0, "bugs": 0.0}, "string_variation": {"h1": 0, "h2": 0, "N1": 0, "N2": 0, "vocabulary": 0, "length": 0, "calculated_length": 0, "volume": 0, "difficulty": 0, "effort": 0, "time": 0.0, "bugs": 0.0}, "number_variation": {"h1": 0, "h2": 0, "N1": 0, "N2": 0, "vocabulary": 0, "length": 0, "calculated_length": 0, "volume": 0, "difficulty": 0, "effort": 0, "time": 0.0, "bugs": 0.0}, "json_variation": {"h1": 1, "h2": 2, "N1": 1, "N2": 2, "vocabulary": 3, "length": 3, "calculated_length": 2.0, "volume": 4.754887502163469, "difficulty": 0.5, "effort": 2.3774437510817346, "time": 0.1320802083934297, "bugs": 0.0015849625007211565}}}, "dbt_feature_flags/__init__.py": {"total": {"h1": 0, "h2": 0, "N1": 0, "N2": 0, "vocabulary": 0, "length": 0, "calculated_length": 0, "volume": 0, "difficulty": 0, "effort": 0, "time": 0.0, "bugs": 0.0}, "functions": {}}, "dbt_feature_flags/fme.py": {"total": {"h1": 6, "h2": 18, "N1": 11, "N2": 22, "vocabulary": 24, "length": 33, "calculated_length": 90.56842503028855, "volume": 151.30376252379818, "difficulty": 3.6666666666666665, "effort": 554.78046258726, "time": 30.82113681040333, "bugs": 0.05043458750793273}, "functions": {"_shutdown_factories": {"h1": 0, "h2": 0, "N1": 0, "N2": 0, "vocabulary": 0, "length": 0, "calculated_length": 0, "volume": 0, "difficulty": 0, "effort": 0, "time": 0.0, "bugs": 0.0}, "__init__": {"h1": 3, "h2": 5, "N1": 3, "N2": 6, "vocabulary": 8, "length": 9, "calculated_length": 16.36452797660028, "volume": 27.0, "difficulty": 1.8, "effort": 48.6, "time": 2.7, "bugs": 0.009}, "_get_treatment": {"h1": 1, "h2": 2, "N1": 1, "N2": 2, "vocabulary": 3, "length": 3, "calculated_length": 2.0, "volume": 4.754887502163469, "difficulty": 0.5, "effort": 2.3774437510817346, "time": 0.1320802083934297, "bugs": 0.0015849625007211565}, "bool_variation": {"h1": 1, "h2": 2, "N1": 1, "N2": 2, "vocabulary": 3, "length": 3, "calculated_length": 2.0, "volume": 4.754887502163469, "difficulty": 0.5, "effort": 2.3774437510817346, "time": 0.1320802083934297, "bugs": 0.0015849625007211565}, "string_variation": {"h1": 0, "h2": 0, "N1": 0, "N2": 0, "vocabulary": 0, "length": 0, "calculated_length": 0, "volume": 0, "difficulty": 0, "effort": 0, "time": 0.0, "bugs": 0.0}, "number_variation": {"h1": 1, "h2": 2, "N1": 1, "N2": 2, "vocabulary": 3, "length": 3, "calculated_length": 2.0, "volume": 4.754887502163469, "difficulty": 0.5, "effort": 2.3774437510817346, "time": 0.1320802083934297, "bugs": 0.0015849625007211565}, "json_variation": {"h1": 3, "h2": 7, "N1": 5, "N2": 10, "vocabulary": 10, "length": 15, "calculated_length": 24.406371956566698, "volume": 49.82892142331044, "difficulty": 2.142857142857143, "effort": 106.77626019280808, "time": 5.932014455156004, "bugs": 0.016609640474436815}}}, "dbt_feature_flags/base.py": {"total": {"h1": 3, "h2": 6, "N1": 4, "N2": 6, "vocabulary": 9, "length": 10, "calculated_length": 20.264662506490406, "volume": 31.699250014423125, "difficulty": 1.5, "effort": 47.548875021634686, "time": 2.6416041678685938, "bugs": 0.010566416671474375}, "functions": {"__init__": {"h1": 0, "h2": 0, "N1": 0, "N2": 0, "vocabulary": 0, "length": 0, "calculated_length": 0, "volume": 0, "difficulty": 0, "effort": 0, "time": 0.0, "bugs": 0.0}, "_add_validators": {"h1": 0, "h2": 0, "N1": 0, "N2": 0, "vocabulary": 0, "length": 0, "calculated_length": 0, "volume": 0, "difficulty": 0, "effort": 0, "time": 0.0, "bugs": 0.0}, "bool_variation": {"h1": 0, "h2": 0, "N1": 0, "N2": 0, "vocabulary": 0, "length": 0, "calculated_length": 0, "volume": 0, "difficulty": 0, "effort": 0, "time": 0.0, "bugs": 0.0}, "string_variation": {"h1": 0, "h2": 0, "N1": 0, "N2": 0, "vocabulary": 0, "length": 0, "calculated_length": 0, "volume": 0, "difficulty": 0, "effort": 0, "time": 0.0, "bugs": 0.0}, "number_variation": {"h1": 0, "h2": 0, "N1": 0, "N2": 0, "vocabulary": 0, "length": 0, "calculated_length": 0, "volume": 0, "difficulty": 0, "effort": 0, "time": 0.0, "bugs": 0.0}, "json_variation": {"h1": 0, "h2": 0, "N1": 0, "N2": 0, "vocabulary": 0, "length": 0, "calculated_length": 0, "volume": 0, "difficulty": 0, "effort": 0, "time": 0.0, "bugs": 0.0}, "shutdown": {"h1": 0, "h2": 0, "N1": 0, "N2": 0, "vocabulary": 0, "length": 0, "calculated_length": 0, "volume": 0, "difficulty": 0, "effort": 0, "time": 0.0, "bugs": 0.0}, "validate": {"h1": 2, "h2": 4, "N1": 3, "N2": 4, "vocabulary": 6, "length": 7, "calculated_length": 10.0, "volume": 18.094737505048094, "difficulty": 1.0, "effort": 18.094737505048094, "time": 1.0052631947248942, "bugs": 0.006031579168349364}}}, "dbt_feature_flags/preflight.py": {"total": {"h1": 4, "h2": 9, "N1": 5, "N2": 10, "vocabulary": 13, "length": 15, "calculated_length": 36.52932501298081, "volume": 55.506595772116384, "difficulty": 2.2222222222222223, "effort": 123.34799060470309,