{"dbt_feature_flags/patch.py": {"total": {"h1": 6, "h2": 17, "N1": 11, "N2": 20, "vocabulary": 23, "length": 31, "calculated_length": 84.99664330558272, "volume": 140.2304206377674, "difficulty": 3.5294117647058822, "effort": 494.93089636859077, "time": 27.496160909366154, "bugs": 0.04674347354592247}, "functions": {"_is_truthy": {"h1": 1, "h2": 2, "N1": 1, "N2": 2, "vocabulary": 3, "length": 3, "calculated_length": 2.0, "volume": 4.754887502163469, "difficulty": 0.5, "effort": 2.3774437510817346, "time": 0.1320802083934297, "bugs": 0.0015849625007211565}, "_get_client": {"h1": 4, "h2": 9, "N1": 7, "N2": 12, "vocabulary": 13, "length": 19, "calculated_length": 36.52932501298081, "volume": 70.30835464468075, "difficulty": 2.6666666666666665, "effort": 187.48894571914866, "time": 10.416052539952704, "bugs": 0.02343611821489358}, "get_rendered": {"h1": 2, "h2": 4, "N1": 2, "N2": 4, "vocabulary": 6, "length": 6, "calculated_length": 10.0, "volume": 15.509775004326936, "difficulty": 1.0, "effort": 15.509775004326936, "time": 0.861654166907052, "bugs": 0.005169925001442312}, "patch_dbt_environment": {"h1": 0, "h2": 0, "N1": 0, "N2": 0, "vocabulary": 0, "length": 0, "calculated_length": 0, "volume": 0, "difficulty": 0, "effort": 0, "time": 0.0, "bugs": 0.0}}}, "dbt_feature_flags/launchdarkly.py": {"total": {"h1": 3, "h2": 7, "N1": 4, "N2": 7, "vocabulary": 10, "length": 11, "calculated_length": 24.406371956566698, "volume": 36.541209043760986, "difficulty": 1.5, "effort": 54.81181356564148, "time": 3.0451007536467487, "bugs": 0.012180403014586996}, "functions": {"__init__": {"h1": 3, "h2": 5, "N1": 3, "N2": 5, "vocabulary": 8, "length": 8, "calculated_length": 16.36452797660028, "volume": 24.0, "difficulty": 1.5, "effort": 36.0, "time": 2.0, "bugs": 0.008}, "bool_variation": {"h1": 0, "h2": 0, "N1": 0, "N2": 0, "vocabulary": 0, "length": 0, "calculated_length": 0, "volume": 0, "difficulty": 0, "effort": 0, "time": 0.0, "bugs": 0.0}, "string_variation": {"h1": 0, "h2": 0, "N1": 0, "N2": 0, "vocabulary": 0, "length": 0, "calculated_length": 0, "volume": 0, "difficulty": 0, "effort": 0, "time": 0.0, "bugs": 0.0}, "number_variation": {"h1": 0, "h2": 0, "N1": 0, "N2": 0, "vocabulary": 0, "length": 0, "calculated_length": 0, "volume": 0, "difficulty": 0, "effort": 0, "time": 0.0, "bugs": 0.0}, "json_variation": {"h1": 1, "h2": 2, "N1": 1, "N2": 2, "vocabulary": 3, "length": 3, "calculated_length": 2.0, "volume": 4.754887502163469, "difficulty": 0.5, "effort": 2.3774437510817346, "time": 0.1320802083934297, "bugs": 0.0015849625007211565}}}, "dbt_feature_flags/harness.py": {"total": {"h1": 2, "h2": 6, "N1": 3, "N2": 6, "vocabulary": 8, "length": 9, "calculated_length": 17.509775004326936, "volume": 27.0, "difficulty": 1.0, "effort": 27.0, "time": 1.5, "bugs": 0.009}, "functions": {"__init__": {"h1": 2, "h2": 4, "N1": 2, "N2": 4, "vocabulary": 6, "length": 6, "calculated_length": 10.0, "volume": 15.509775004326936, "difficulty": 1.0, "effort": 15.509775004326936, "time": 0.861654166907052, "bugs": 0.005169925001442312}, "bool_variation": {"h1": 0, "h2": 0, "N1": 0, "N2": 0, "vocabulary": 0, "length": 0, "calculated_length": 0, "volume": 0, "difficulty": 0, "effort": 0, "time": 0.0, "bugs": 0.0}, "string_variation": {"h1": 0, "h2": 0, "N1": 0, "N2": 0, "vocabulary": 0, "length": 0, "calculated_length": 0, "volume": 0, "difficulty": 0, "effort": 0, "time": 0.0, "bugs": 0.0}, "number_variation": {"h1": 0, "h2": 0, "N1": 0, "N2": 0, "vocabulary": 0, "length": 0, "calculated_length": 0, "volume": 0, "difficulty": 0, "effort": 0, "time": 0.0, "bugs": 0.0}, "json_variation": {"h1": 1, "h2": 2, "N1": 1, "N2": 2, "vocabulary": 3, "length": 3, "calculated_length": 2.0, "volume": 4.754887502163469, "difficulty": 0.5, "effort": 2.3774437510817346, "time": 0.1320802083934297, "bugs": 0.0015849625007211565}}}, "dbt_feature_flags/__init__.py": {"total": {"h1": 0, "h2": 0, "N1": 0, "N2": 0, "vocabulary": 0, "length": 0, "calculated_length": 0, "volume": 0, "difficulty": 0, "effort": 0, "time": 0.0, "bugs": 0.0}, "functions": {}}, "dbt_feature_flags/fme.py": {"total": {"h1": 6, "h2": 17, "N1": 9, "N2": 18, "vocabulary": 23, "length": 27, "calculated_length": 84.99664330558272, "volume": 122.13617281353935, "difficulty": 3.176470588235294, "effort": 387.96196070183083, "time": 21.553442261212822, "bugs": 0.040712057604513116}, "functions": {"_shutdown_factories": {"h1": 0, "h2": 0, "N1": 0, "N2": 0, "vocabulary": 0, "length": 0, "calculated_length": 0, "volume": 0, "difficulty": 0, "effort": 0, "time": 0.0, "bugs": 0.0}, "__init__": {"h1": 3, "h2": 5, "N1": 3, "N2": 6, "vocabulary": 8, "length": 9, "calculated_length": 16.36452797660028, "volume": 27.0, "difficulty": 1.8, "effort": 48.6, "time": 2.7, "bugs": 0.009}, "_get_treatment": {"h1": 1, "h2": 2, "N1": 1, "N2": 2, "vocabulary": 3, "length": 3, "calculated_length": 2.0, "volume": 4.754887502163469, "difficulty": 0.5, "effort": 2.3774437510817346, "time": 0.1320802083934297, "bugs": 0.0015849625007211565}, "bool_variation": {"h1": 1, "h2": 2, "N1": 1, "N2": 2, "vocabulary": 3, "length": 3, "calculated_length": 2.0, "volume": 4.754887502163469, "difficulty": 0.5, "effort": 2.3774437510817346, "time": 0.1320802083934297, "bugs": 0.0015849625007211565}, "string_variation": {"h1": 0, "h2": 0, "N1": 0, "N2": 0, "vocabulary": 0, "length": 0, "calculated_length": 0, "volume": 0, "difficulty": 0, "effort": 0, "time": 0.0, "bugs": 0.0}, "number_variation": {"h1": 1, "h2": 2, "N1": 1, "N2": 2, "vocabulary": 3, "length": 3, "calculated_length": 2.0, "volume": 4.754887502163469, "difficulty": 0.5, "effort": 2.3774437510817346, "time": 0.1320802083934297, "bugs": 0.0015849625007211565}, "json_variation": {"h1": 3, "h2": 6, "N1": 3, "N2": 6, "vocabulary": 9, "length": 9, "calculated_length": 20.264662506490406, "volume": 28.529325012980813, "difficulty": 1.5, "effort": 42.793987519471216, "time": 2.377443751081734, "bugs": 0.009509775004326938}}}, "dbt_feature_flags/base.py": {"total": {"h1": 1, "h2": 2, "N1": 2, "N2": 2, "vocabulary": 3, "length": 4, "calculated_length": 2.0, "volume": 6.339850002884625, "difficulty": 0.5, "effort": 3.1699250014423126, "time": 0.17610694452457293, "bugs": 0.002113283334294875}, "functions": {"__init__": {"h1": 0, "h2": 0, "N1": 0, "N2": 0, "vocabulary": 0, "length": 0, "calculated_length": 0, "volume": 0, "difficulty": 0, "effort": 0, "time": 0.0, "bugs": 0.0}, "_add_validators": {"h1": 0, "h2": 0, "N1": 0, "N2": 0, "vocabulary": 0, "length": 0, "calculated_length": 0, "volume": 0, "difficulty": 0, "effort": 0, "time": 0.0, "bugs": 0.0}, "bool_variation": {"h1": 0, "h2": 0, "N1": 0, "N2": 0, "vocabulary": 0, "length": 0, "calculated_length": 0, "volume": 0, "difficulty": 0, "effort": 0, "time": 0.0, "bugs": 0.0}, "string_variation": {"h1": 0, "h2": 0, "N1": 0, "N2": 0, "vocabulary": 0, "length": 0, "calculated_length": 0, "volume": 0, "difficulty": 0, "effort": 0, "time": 0.0, "bugs": 0.0}, "number_variation": {"h1": 0, "h2": 0, "N1": 0, "N2": 0, "vocabulary": 0, "length": 0, "calculated_length": 0, "volume": 0, "difficulty": 0, "effort": 0, "time": 0.0, "bugs": 0.0}, "json_variation": {"h1": 0, "h2": 0, "N1": 0, "N2": 0, "vocabulary": 0, "length": 0, "calculated_length": 0, "volume": 0, "difficulty": 0, "effort": 0, "time": 0.0, "bugs": 0.0}, "validate": {"h1": 1, "h2": 2, "N1": 2, "N2": 2, "vocabulary": 3, "length": 4, "calculated_length": 2.0, "volume": 6.339850002884625, "difficulty": 0.5, "effort": 3.1699250014423126, "time": 0.17610694452457293, "bugs": 0.002113283334294875}}}, "dbt_feature_flags/preflight.py": {"total": {"h1": 5, "h2": 11, "N1": 6, "N2": 12, "vocabulary": 16, "length": 18, "calculated_length": 49.663388279447084, "volume": 72.0, "difficulty": 2.727272727272727, "effort": 196.36363636363635, "time": 10.909090909090908, "bugs": 0.024}, "functions": {"run": {"h1": 4, "h2": 9, "N1": 5, "N2": 10, "vocabulary": 13, "length": 15, "calculated_length": 36.52932501298081,